<?xml version="1.0" encoding="ISO-8859-1"?>
<Configuration>

<Shared_FilePath>D:\Users\username\Documents\SFC\SharedPath\</Shared_FilePath>

<Shared_Folder_Name>Infra SFC by Function - Quarter\</Shared_Folder_Name>
<Temporary_FilePath>Temp\Infra SFC by Function - Quarter\</Temporary_FilePath>
<TemplateFolderName>Template\Infra SFC by Function - Quarter\</TemplateFolderName>

<XMLLocalFolderPath>D:\Users\username\Documents\SFC\</XMLLocalFolderPath>

<Exception_FilePath>Exception.xaml</Exception_FilePath>
<GenericException_FilePath>GenericException.xaml</GenericException_FilePath>
<Cleanup_Filepath>CleanUp.xaml</Cleanup_Filepath>
<Delete_Filepath>DeleteFiles.xaml</Delete_Filepath>
<ScreenshotFolderName>ErrorLog\Infra SFC by Function - Quarter\Infra SFC by Function - Quarter_ScreenShots\</ScreenshotFolderName>
<ErrorLog_FilePath>ErrorLog\Infra SFC by Function - Quarter\ErrorLog.txt</ErrorLog_FilePath>
<GenericException_FilePath>GenericException.xaml</GenericException_FilePath>

<LoginFilename>Login.xaml</LoginFilename>
<EnableAddInFilePath>EnableAddin.xaml</EnableAddInFilePath>
<SmartViewCredentials>SmartViewAccess</SmartViewCredentials>
<RefreshSmartViewFilePath>Refresh Smart View.xaml</RefreshSmartViewFilePath>
<SendMailToDeveloperFilePath>SendMailToDeveloper.xaml</SendMailToDeveloperFilePath>
<Success_MailBodyFilename>MailBodyTxtFile.txt</Success_MailBodyFilename>

<Report_Type>Actual</Report_Type>


<InfraSFCbyFunction-Quarter_FileName>Infra SFC by Function - Quarter.xlsb</InfraSFCbyFunction-Quarter_FileName>

<InfraSFCbyFunction-Quarter_Sheet1_Name>POV</InfraSFCbyFunction-Quarter_Sheet1_Name>

<InfraSFCbyFunction-Quarter_SheetNames>MS,FIN,GM,HR,ITICS,PROC,FAC,COM,AS</InfraSFCbyFunction-Quarter_SheetNames>

<InfraSFCFunctionQuarterMacro_sheetName>InfraSFCFunctionQuarterMacro.xlsm</InfraSFCFunctionQuarterMacro_sheetName>




<Email_TO>sai.pulakuntla@capgemini.com</Email_TO>

<Email_CC>sai.pulakuntla@capgemini.com</Email_CC>
<Email_Subject>Infra SFC by Function - Quarter files</Email_Subject>



<Reporting_Calender_Check>ReportingCalendarCheck.xaml</Reporting_Calender_Check>
<Implementation_Calender_FileName>Template\Group Finance Reporting Timetable.xlsx</Implementation_Calender_FileName>

</Configuration>